DNI,Nombre_y_Apellido,Nacionalidad
1562,Dulce Abril,Argentina
1582,Mara Hashimoto,Italia
2587,Philip Gent,España
3549,Kathleen Hanner,Argentina
2468,Nereida Magwood,Argentina
2554,Gaston Brumm,Argentina
3598,Etta Hurn,Italia
2456,Earlean Melgar,Argentina
6548,Vincenza Weiland,Argentina
5486,Fallon Winward,Italia
1258,Arcelia Bouska,Italia
2579,Franklyn Unknow,España
3256,Sherron Ascencio,Italia
2587,Marcel Zabriskie,Italia
3259,Kina Hazelton,Italia
1546,Shavonne Pia,España
3579,Shavon Benito,España
6597,Lauralee Perrine,Italia
9654,Loreta Curren,España
3569,Teresa Strawn,España
2564,Belinda Partain,Argentina
8561,Holly Eudy,Argentina
5489,Many Cuccia,Italia
5489,Libbie Dalby,España
6574,Lester Prothro,España
5555,Marvel Hail,Italia
6125,Angelyn Vong,Argentina
5412,Francesca Beaudreau,España
3256,Garth Gangi,Argentina
3264,Carla Trumbull,Italia
4569,Veta Muntz,Italia
7521,Stasia Becker,Italia
6458,Jona Grindle,Italia
7569,Judie Claywell,España
8514,Dewitt Borger,Argentina
8563,Nena Hacker,Argentina
8642,Kelsie Wachtel,España
9536,Sau Pfau,Argentina
2567,Shanice Mccrystal,Argentina
2154,Chase Karner,Argentina
3265,Tommie Underdahl,Argentina
8765,Dorcas Darity,Argentina
3259,Angel Sanor,España
3567,Willodean Harn,Argentina
6540,Weston Martina,Argentina
2654,Roma Lafollette,Argentina
6525,Felisa Cail,Argentina
3265,Demetria Abbey,Argentina
3265,Jeromy Danz,Argentina
6125,Rasheeda Alkire,Argentina
1562,Dulce Abril,Argentina
1582,Mara Hashimoto,Italia
2587,Philip Gent,España
3549,Kathleen Hanner,Argentina
2468,Nereida Magwood,Argentina
2554,Gaston Brumm,Argentina
3598,Etta Hurn,Italia
2456,Earlean Melgar,Argentina
6548,Vincenza Weiland,Argentina
5486,Fallon Winward,Italia
1258,Arcelia Bouska,Italia
2579,Franklyn Unknow,España
3256,Sherron Ascencio,Italia
2587,Marcel Zabriskie,Italia
3259,Kina Hazelton,Italia
1546,Shavonne Pia,España
3579,Shavon Benito,España
6597,Lauralee Perrine,Italia
9654,Loreta Curren,España
3569,Teresa Strawn,España
2564,Belinda Partain,Argentina
8561,Holly Eudy,Argentina
5489,Many Cuccia,Italia
5489,Libbie Dalby,España
6574,Lester Prothro,España
5555,Marvel Hail,Italia
6125,Angelyn Vong,Argentina
5412,Francesca Beaudreau,España
3256,Garth Gangi,Argentina
3264,Carla Trumbull,Italia
4569,Veta Muntz,Italia
7521,Stasia Becker,Italia
6458,Jona Grindle,Italia
7569,Judie Claywell,España
8514,Dewitt Borger,Argentina
8563,Nena Hacker,Argentina
8642,Kelsie Wachtel,España
9536,Sau Pfau,Argentina
2567,Shanice Mccrystal,Argentina
2154,Chase Karner,Argentina
3265,Tommie Underdahl,Argentina
8765,Dorcas Darity,Argentina
3259,Angel Sanor,España
3567,Willodean Harn,Argentina
6540,Weston Martina,Argentina
2654,Roma Lafollette,Argentina
6525,Felisa Cail,Argentina
3265,Demetria Abbey,Argentina
3265,Jeromy Danz,Argentina
6125,Rasheeda Alkire,Argentina
1562,Dulce Abril,Argentina
1582,Mara Hashimoto,Italia
2587,Philip Gent,España
3549,Kathleen Hanner,Argentina
2468,Nereida Magwood,Argentina
